{
  "version": 2,
  "events": [
    {
      "t": 0.8201733999999306,
      "type": "down",
      "key": "w"
    },
    {
      "t": 1.1312493000000359,
      "type": "down",
      "key": "z"
    },
    {
      "t": 1.2554606000001058,
      "type": "up",
      "key": "z"
    },
    {
      "t": 1.8467310999999427,
      "type": "down",
      "key": "e"
    },
    {
      "t": 1.948812099999941,
      "type": "up",
      "key": "e"
    },
    {
      "t": 2.2563268999999764,
      "type": "down",
      "key": "a"
    },
    {
      "t": 2.7676526000000194,
      "type": "down",
      "key": "a"
    },
    {
      "t": 2.799191800000017,
      "type": "down",
      "key": "a"
    },
    {
      "t": 2.800570099999959,
      "type": "up",
      "key": "w"
    },
    {
      "t": 3.3177832999999737,
      "type": "down",
      "key": "a"
    },
    {
      "t": 3.3370374000000993,
      "type": "down",
      "key": "w"
    },
    {
      "t": 3.576781700000083,
      "type": "up",
      "key": "w"
    },
    {
      "t": 4.484515800000054,
      "type": "down",
      "key": "s"
    },
    {
      "t": 4.996238400000038,
      "type": "down",
      "key": "s"
    },
    {
      "t": 5.028898600000048,
      "type": "down",
      "key": "s"
    },
    {
      "t": 5.055730399999902,
      "type": "down",
      "key": "s"
    },
    {
      "t": 5.09175110000001,
      "type": "down",
      "key": "s"
    },
    {
      "t": 5.122224499999902,
      "type": "down",
      "key": "s"
    },
    {
      "t": 5.1502499000000626,
      "type": "down",
      "key": "s"
    },
    {
      "t": 5.197242700000061,
      "type": "down",
      "key": "s"
    },
    {
      "t": 5.229205899999897,
      "type": "down",
      "key": "s"
    },
    {
      "t": 5.262418799999978,
      "type": "down",
      "key": "s"
    },
    {
      "t": 5.296149699999887,
      "type": "down",
      "key": "s"
    },
    {
      "t": 5.324710399999958,
      "type": "down",
      "key": "s"
    },
    {
      "t": 5.36018080000008,
      "type": "down",
      "key": "s"
    },
    {
      "t": 5.387529200000017,
      "type": "down",
      "key": "s"
    },
    {
      "t": 5.419320299999981,
      "type": "down",
      "key": "s"
    },
    {
      "t": 5.450707799999918,
      "type": "down",
      "key": "s"
    },
    {
      "t": 5.4802128999999695,
      "type": "down",
      "key": "s"
    },
    {
      "t": 5.527955600000041,
      "type": "down",
      "key": "s"
    },
    {
      "t": 5.5571107999999185,
      "type": "down",
      "key": "s"
    },
    {
      "t": 5.59197180000001,
      "type": "down",
      "key": "s"
    },
    {
      "t": 5.619499899999937,
      "type": "down",
      "key": "s"
    },
    {
      "t": 5.650024300000041,
      "type": "down",
      "key": "s"
    },
    {
      "t": 5.683010100000047,
      "type": "down",
      "key": "s"
    },
    {
      "t": 5.711700699999938,
      "type": "down",
      "key": "s"
    },
    {
      "t": 5.759972300000072,
      "type": "down",
      "key": "s"
    },
    {
      "t": 5.797685199999933,
      "type": "down",
      "key": "s"
    },
    {
      "t": 5.8203693000000385,
      "type": "down",
      "key": "s"
    },
    {
      "t": 5.851448599999912,
      "type": "down",
      "key": "s"
    },
    {
      "t": 5.890611799999988,
      "type": "down",
      "key": "s"
    },
    {
      "t": 5.916226499999993,
      "type": "down",
      "key": "s"
    },
    {
      "t": 5.94697599999995,
      "type": "down",
      "key": "s"
    },
    {
      "t": 5.9785340000000815,
      "type": "down",
      "key": "s"
    },
    {
      "t": 6.0222601000000395,
      "type": "down",
      "key": "s"
    },
    {
      "t": 6.053965000000062,
      "type": "down",
      "key": "s"
    },
    {
      "t": 6.091678000000002,
      "type": "down",
      "key": "s"
    },
    {
      "t": 6.117335700000012,
      "type": "down",
      "key": "s"
    },
    {
      "t": 6.154465600000094,
      "type": "down",
      "key": "s"
    },
    {
      "t": 6.185373100000106,
      "type": "down",
      "key": "s"
    },
    {
      "t": 6.211160800000016,
      "type": "down",
      "key": "s"
    },
    {
      "t": 6.246013700000049,
      "type": "down",
      "key": "s"
    },
    {
      "t": 6.274049000000105,
      "type": "down",
      "key": "s"
    },
    {
      "t": 6.305455599999959,
      "type": "down",
      "key": "s"
    },
    {
      "t": 6.351679500000046,
      "type": "down",
      "key": "s"
    },
    {
      "t": 6.380875099999912,
      "type": "down",
      "key": "s"
    },
    {
      "t": 6.4150964999998905,
      "type": "down",
      "key": "s"
    },
    {
      "t": 6.452035799999976,
      "type": "down",
      "key": "s"
    },
    {
      "t": 6.454159200000049,
      "type": "up",
      "key": "s"
    },
    {
      "t": 9.307030799999893,
      "type": "down",
      "key": "w"
    },
    {
      "t": 9.830154100000073,
      "type": "down",
      "key": "w"
    },
    {
      "t": 9.847107600000072,
      "type": "down",
      "key": "w"
    },
    {
      "t": 9.877705000000105,
      "type": "down",
      "key": "w"
    },
    {
      "t": 9.908496400000104,
      "type": "down",
      "key": "w"
    },
    {
      "t": 9.938911899999994,
      "type": "down",
      "key": "w"
    },
    {
      "t": 9.986192999999957,
      "type": "down",
      "key": "w"
    },
    {
      "t": 10.01900640000008,
      "type": "down",
      "key": "w"
    },
    {
      "t": 10.047833200000014,
      "type": "down",
      "key": "w"
    },
    {
      "t": 10.077706300000045,
      "type": "down",
      "key": "w"
    },
    {
      "t": 10.109352299999955,
      "type": "down",
      "key": "w"
    },
    {
      "t": 10.131411500000013,
      "type": "up",
      "key": "a"
    },
    {
      "t": 10.636330900000075,
      "type": "down",
      "key": "w"
    },
    {
      "t": 10.66921339999999,
      "type": "down",
      "key": "w"
    },
    {
      "t": 10.697649599999977,
      "type": "down",
      "key": "w"
    },
    {
      "t": 10.745246100000031,
      "type": "down",
      "key": "w"
    },
    {
      "t": 10.78564110000002,
      "type": "down",
      "key": "w"
    },
    {
      "t": 10.80629759999988,
      "type": "down",
      "key": "w"
    },
    {
      "t": 10.837348600000041,
      "type": "down",
      "key": "w"
    },
    {
      "t": 10.869240199999922,
      "type": "down",
      "key": "w"
    },
    {
      "t": 10.901532399999951,
      "type": "down",
      "key": "w"
    },
    {
      "t": 10.931825200000048,
      "type": "down",
      "key": "w"
    },
    {
      "t": 10.984125100000028,
      "type": "down",
      "key": "w"
    },
    {
      "t": 11.005786400000034,
      "type": "down",
      "key": "w"
    },
    {
      "t": 11.038498599999912,
      "type": "down",
      "key": "w"
    },
    {
      "t": 11.072599200000013,
      "type": "down",
      "key": "w"
    },
    {
      "t": 11.100406999999905,
      "type": "down",
      "key": "w"
    },
    {
      "t": 11.132341499999939,
      "type": "down",
      "key": "w"
    },
    {
      "t": 11.16623750000008,
      "type": "down",
      "key": "w"
    },
    {
      "t": 11.17905380000002,
      "type": "down",
      "key": "a"
    },
    {
      "t": 11.690524099999948,
      "type": "down",
      "key": "a"
    },
    {
      "t": 11.724480399999948,
      "type": "down",
      "key": "a"
    },
    {
      "t": 11.753297100000054,
      "type": "down",
      "key": "a"
    },
    {
      "t": 11.784477100000004,
      "type": "down",
      "key": "a"
    },
    {
      "t": 11.817710499999976,
      "type": "down",
      "key": "a"
    },
    {
      "t": 11.848542100000031,
      "type": "down",
      "key": "a"
    },
    {
      "t": 11.877558200000067,
      "type": "down",
      "key": "a"
    },
    {
      "t": 11.909408199999916,
      "type": "down",
      "key": "a"
    },
    {
      "t": 11.956357000000025,
      "type": "down",
      "key": "a"
    },
    {
      "t": 11.988084999999955,
      "type": "down",
      "key": "a"
    },
    {
      "t": 12.023694599999999,
      "type": "down",
      "key": "a"
    },
    {
      "t": 12.024861800000053,
      "type": "up",
      "key": "a"
    },
    {
      "t": 12.48825469999997,
      "type": "up",
      "key": "w"
    }
  ]
}